{
    "mean": [
        3.940856695175171,
        3.7502336502075195,
        3.932513952255249,
        3.731210231781006
    ],
    "std": [
        0.918531060218811,
        0.9232671856880188,
        0.9193117618560791,
        0.9233105182647705
    ]
}