{
    "mean": [
        3.9230704307556152,
        3.733052968978882,
        3.922192335128784,
        3.6863181591033936
    ],
    "std": [
        0.9127615690231323,
        0.8123767375946045,
        0.9082130789756775,
        0.808856189250946
    ]
}