{
    "mean": [
        -0.002929835580289364,
        -0.008169739507138729,
        -0.05080288648605347,
        -0.007937428541481495
    ],
    "std": [
        0.12428951263427734,
        0.09890233725309372,
        0.24964886903762817,
        0.2034754604101181
    ]
}